date,username,content,replyCount,likeCount,retweetCount
2022-07-28 17:22:41+00:00,Chiknwhalegod,"#avax community is dropping ğŸ”¥ğŸ”¥ if your not keeping up with #AverageBok4Coq scroll the #AvaxB4C hashtag. Feel free to create your own entry by Friday 10pm est
Top prize is a @Smol_Joes ğŸ’€ğŸ”º@avalancheavax https://t.co/ETB89iC3n6",5,49,16
2022-07-25 10:23:36+00:00,BrewsterAnsel,aeyakovenko please tell your marketing or pr team to  add sol #logoI can see hashtag #btc #BNB #AVAX   has logo,0,0,0
2022-07-23 15:24:02+00:00,dikayodata,#AVAX has a hashtag emoji now â¤ï¸ https://t.co/24v5wtIpiD,1,8,0
2022-07-21 22:28:24+00:00,joepunksnft,"It's time for @avaxchaddoge's holders!ğŸ•

If you own an #AVAX Chad Doge and want a spot in our whitelist:

1. Like this tweet ğŸ’–
2. Quote it with a picture of your Chad Doge and the hashtag #JoepunksWLWeek 
3. Tag three frens

20 winners! GL everyone ğŸ”¥

 #Avalanche #NFT https://t.co/BsWSi0qwsB",57,109,42
2022-07-18 18:44:15+00:00,joepunksnft,"GM! â˜€ï¸

It's time for the first #JoepunksWLWeek contest âš¡

@chikn_nft holders, this is your chance to get a spot ğŸ”

Quote this tweet with a picture of your Chikn/Roostr /Farmland

Make sure to include your c-chain address and the hashtag #JoepunksWLWeek ğŸ“

#AVAX #NFT https://t.co/h9LGjevMMh",19,62,13
2022-07-14 04:10:56+00:00,RyujiApeheart,"Want a chance to win a WL spot for @DominanceNFT? ğŸ”¥

1ï¸âƒ£ RT this tweet 
2ï¸âƒ£ Follow @DominanceNFT
3ï¸âƒ£ Leave a comment with the #Dominanceszn hashtag

#AVAX #NFTs #avaxnftszn https://t.co/2cekyJUWGs",2,6,2
2022-07-14 00:07:39+00:00,ShakesCrypto,"Ahh yes.. next fighter giveaway for Relaunch of @Underground_nft Resurrection! (Doin this all week)
Deets: 
Quote RT with #UGResurrection &lt;- hashtag 
AND a pic of one of your UG Fight Club fighters! 
 #avax #nfts #p2e #P2Egaming with #avaxNfts https://t.co/kXRwIGC0pC",16,34,19
2022-07-13 19:45:49+00:00,Da_PuffMeister,Is it important to #hashtag #tweets on #cryptotwitter about all matters #avaxğŸ”º related?,0,0,1
2022-07-13 11:34:34+00:00,traderjoeintern,@AvalancheIntern Twitter took our ğŸ”º from the #AVAX hashtag..can you and @kevinsekniqi do some tingâ€¦ğŸ«¡ https://t.co/rl32Ex4wqc,2,17,4
2022-07-12 07:16:10+00:00,avaxoshi,"when #AVAX hashtag loses the emoji

panic!",2,9,0
2022-07-12 03:00:01+00:00,CLOUD_vadar,"Bruhâ€¦ I just got this @smoldoomers and he already smoked two packs of cigarettes 
#AVAX #FreeMint #DEGEN #HASHTAG https://t.co/QW3nK0uI4r",2,7,3
2022-07-11 09:23:27+00:00,EvolutionAvax,Dont forget use hashtag #Avalanche and #Avax . Let's get it trending everyday #Avangers,0,0,0
2022-07-08 12:48:59+00:00,IMNftrader,"NFT Giveaway:

It's my Birthday Tomorrow and i am giving away a @Dogeon_Official NFT to one lucky person. To qualify:

âœ… Follow @IMNftrader 
âœ… Tag 3 friends with hashtag #AVAX #NFTGiveaway #Avalanche 
âœ… Retweet this tweet. 

#Airdrops #NFTGiveaways #NFTGiveaway #AvaxNftRush https://t.co/hVYqTnlG2T",1,6,1
2022-07-01 15:02:03+00:00,vicdelarge,"I have been so blessed lately that I wanna say thanks, give back, and bring my two fams together #VeChain and #AVAX 

1 #SHREDDERZ and 1 Beenz on Acid to 1 lucky winner

1. Follow me, @VFlameStudios  and @TEENSONACID 
2. â¤ï¸ &amp; ğŸ”ƒ
3. Tag 3 friends and hashtag your fam

Ends July 5 https://t.co/1bPoiOgFky",94,113,82
2022-06-27 18:46:48+00:00,EpicBattleNft,"ğŸ 2 FREE NFT

To enter :
âœ…The first 50 whitelists who join the discord will get
âœ…Follow : @EpicBattleNft
âœ…Discord: https://t.co/i8YMNuGY6d
âœ…Like &amp; RT
âœ…Tag 2 friend
âœ…Hashtag #AVAX
24Hâ±ï¸ 

#NFT #NFTs #NFTGiveaway #NFTGiveaways #NFTProject #nftAirdrops https://t.co/BqPWkOIpkh",21,20,13
2022-06-27 00:37:22+00:00,that_techieboy,"Add this contract address to your wallet and check your $Prey token airdropped. This is just the beginning!. Use the #hashtag below.

Contract address: ğŸ‘‡0x830ddEe8f48E183e6B490cf22e10f958FC25Ef39

#EgoverseTakeover #AVAX https://t.co/T0rSqtykTF",0,15,7
2022-06-25 01:02:00+00:00,PasinoCom,"This weekend we give you #AVAX to play your favorite #Casino games + #slots at https://t.co/YXrRw5H0Rt

ğŸ† 2 winners of $50 each in #Avalanche

ğŸ”¹ Follow @PasinoCom
ğŸ”¹ Like &amp; RT
ğŸ”¹ Tag 3 friends with hashtag #Giveaway $AVAX #Pasino

âŒ›ï¸Ends 6/26 @ 9PM EST
#Cryptocurrency #Bitcoin https://t.co/iTFH2IsgPP",1009,888,912
2022-06-19 18:20:16+00:00,EpicBattleNft,"ğŸ 3 FREE NFT
To enter :
âœ…Follow :https://t.co/T98hedViWf
âœ…Discord: https://t.co/XVnBneUzWZ
âœ…Like &amp; RT
âœ…Tag 2 friend
âœ…Hashtag #AVAX
24Hâ±ï¸

#Avalanche #AVAX #NFTGiveaway #NFTCommunity #NFT #NFTs #epicbattle",39,31,30
2022-06-19 14:57:11+00:00,XManReboot,"@0xHerrCooLes All done ğŸ‘ğŸ»âœ”ï¸

@BittoRanaCrypto
@awacryptoworld
@WaqasAhmedRana
@Shikari_Rajput 

ğŸ€ Good Luck 

#NFTCommunity #Crypto #Ã‡ekiliÅŸ #Solana #USDT #BUSD #BTC #Ethereum #avax #matic #hashtag",0,0,0
2022-06-16 08:22:39+00:00,octophant_,"Just need about ~50 new folks that like dad jokes, free stuff, and the occasional intoxicated rant to give in and find the follow button! #AVAX #NFTs #chikn #Fun #crypto #hashtag #blessed #animalcharts https://t.co/w3ZXnX19QE",1,3,0
2022-06-14 23:59:07+00:00,letarabella,OH my GOSH I forgot the hashtag #AVAX LOLğŸ™ˆ https://t.co/Sj6d8r0Klo,0,0,0
2022-06-06 04:38:17+00:00,TonyAnna17,elonmusk please can we have the XRP ICON for the #xrp #hashtag like #BTC and #avax Thank you,0,0,0
2022-05-31 13:42:43+00:00,NipperCrypto,"Projects/Blockchains I would like to see listed in the #StrikeX | @StrikeXofficial wallet in 2022 â¬

#SAFEMOON 
#ADA 
#SHIB 
#BLOK 
#STEPN 
#TRX 
#AVAX 
#ATOM 
#XTZ 
#ZIL 

Do you have any projects you'd like to see listed? 

Comment below with the hashtag â¤µï¸ https://t.co/3xnpr4Xa7V",7,36,14
2022-05-30 17:30:58+00:00,AvascanExplorer,"This hashtag needs the effort of the entire #Avalanche community to go viral!ğŸ™ŒğŸ»

Giga #AVAX needs your help! 

We are the #subnet guardians!ğŸ›¡ https://t.co/Y0t2adDAMO",6,53,13
2022-05-26 21:27:05+00:00,grape_finance,"I think it's time for a sexy hashtag don't you? 

Who else is livin the #grapelife? ğŸ˜

#AVAX #Avalanche $avax $mim https://t.co/vWUjkWWkYz",6,81,16
2022-05-23 13:12:30+00:00,cardanostra,"#SoLunAvax kind of tells a story where the other two may be headed. So I would stick with that for now.

@cardano_whale what do you think, should we have hashtag for VC coins that would still be valid after everyone has forgotten #Luna, #Solana and #Avax? https://t.co/i0iEnl65bU",6,26,0
2022-05-22 19:07:54+00:00,BonsaiAVAX,"Bonsai #Whitelist &amp; #NFTGiveaway!! ğŸŒ³

1ï¸âƒ£ Follow @BonsaiAVAX
2ï¸âƒ£ Check out the docsâ¬‡ï¸
https://t.co/FCa9jlvEQg
3ï¸âƒ£ Tweet something you notice about Bonsai that makes it unique using the #BonsaiAVAX hashtag in your tweet!ğŸŒ±

#Avalanche #AVAX #ETH #Airdrop #CMC #cryptocurrency #BTC",1,3,1
2022-05-11 21:23:15+00:00,yrmcrypto,"Ya'll make have heard the thunder clap.. and now its time for the #lightningstrikezz. Another @CloudHeadzNft give away. To enter:

Follow @CloudHeadzNft  
Quote RT with the hashtag #lightningstrikezz.

Giveaway @ 20 quote RTs winner announced on Friday at 6PM UTC. #AVAX #AVAXNFT https://t.co/KN35q2yug8",2,21,8
2022-05-11 00:35:27+00:00,im65er,This hashtag is pretty cool #AVAX https://t.co/Gc6Pec3gC6,1,17,4
2022-05-10 00:13:38+00:00,TheBallnChikn,"Whoâ€™s coming to #AVAXPDX?? 

Portland may be weird, but August 12-14, itâ€™s going to be popping with the AVAX fam! 

If you donâ€™t know yet, check the hashtag! DM if you want more info!! 
#AVAXmeetups #AVAX https://t.co/tMLtkew8UI",4,39,11
2022-05-09 10:15:36+00:00,SaraConstance6,DOGB_Token #SOL #Polygon #AVAX dilrybec3 hashtag_wilbert LamiaSoluto,0,0,0
2022-05-08 17:39:13+00:00,BonsaiAVAX,"Bonsai NFT giveaway contest to honor the website launch!

1ï¸âƒ£ Follow @BonsaiAVAX
2ï¸âƒ£ Check out the docs
3ï¸âƒ£ Tweet something you notice about Bonsai that makes it unique using the #BonsaiAVAX hashtag in your tweet!! 

Docs here:
https://t.co/GwFST0BNMZ

#NFTGiveaway #AVAX #Avalanche",1,2,0
2022-05-02 03:31:49+00:00,GunfireAVAX,"Do you know what @PlayGunfireAVAX sounds like?

That's #pewpew ğŸ”«

Please use this hashtag and make this lovely sound trendy and viral ğŸ™ŒğŸ«¶ğŸ’¯

#pewpew #GunfireAVAX #AVAX #NFTCommunity #familia https://t.co/1dxf7PJDRQ",1,21,7
2022-04-30 23:30:07+00:00,OgdenLuke2,DOGB_Token #SOL #Polygon #AVAX dilrybec3 hashtag_wilbert LamiaSoluto,0,0,1
2022-04-24 02:38:04+00:00,tplexapp,"Each time you tweet something guys, hashtag #JustGo! Gonna get you the best reward in the World for this bull market! #Crypto #StockMarket #Cryptocurrency #BTC #OMI #XRP #AVAX #NFT #NFTS #vevefam #VeVecollectibles #VeVeCommunity #DeFi #dogecoin",2,12,1
2022-04-15 19:12:12+00:00,Beyond__Human,"@LordTJCrypto @TitanEverRise @jenndefer @EverRiseJason @Hakuna_RISER 

I want to have no wait WE #Riseâ€™rs want to have the same functionality like #avax 

If you wrote down Avax with the hashtag you got automatically the Avax sign 

I want ( we want ) that for #Rise",1,7,1
2022-04-13 19:38:56+00:00,louis_hashtag,"Oke, I will explain it again ğŸ‘€ buying meme cake nft will give you a 1:1 drop on the new Solana market! Go to @EntrepotApp and mint that meme cake! 
#NFTs #Solana #NFTCommmunity #AVAX #NFTdrop #WAGMI ğŸ‘€ https://t.co/AkOlk37Sw1",0,5,2
2022-04-12 13:02:00+00:00,MonesNFTs,"ğŸ¥CONTEST - SHOW YOUR HEROESğŸ¥

ğŸ†5 NFT Mystery Chests for 5 random winners

ğŸ¯How to join?
Post images/videos of your Mones Heroes on #Twitter 
Tag @MonesNFTs 
Hashtag #mones #nftgame #slashslash #AvaxğŸ”º #monesâš”ï¸

ğŸ“…13:00 UTC Apr 12 - 13:00 UTC Apr 20 https://t.co/z6FeGXH2ja",12,18,10
2022-04-11 16:59:03+00:00,FlokiVax,"ğŸ”¥ MEME CONTEST ğŸ”¥

Rules : 

- Make a MEME and post it on Twitter 
- Tag @FlokiVax on your post
- Tag minimum 3 influencers
- Donâ€™t miss the HashTag #AVAX #FLOKI #SHIBA #DOGE

I will choose 3 winners to win 0.5 AVAX 

https://t.co/UeX9xDYEpZ",160,44,34
2022-04-09 15:54:48+00:00,FrogFrens,"All giveaway winners have now received their $FRENs. Any problems just drop us a holla!

Strut your $FREN with the #FrensForever hashtag

#Avalanche #Avax #AvaxNftRush https://t.co/vsuO2qXCWI",2,10,3
2022-04-09 09:01:25+00:00,FrogFrens,"Weâ€™ve already seen some super dope $FRENs unleashed into the wild and are currently running riot on #Avalanche. Keep on sharing with the #FrensForever hashtag ğŸ¤™ğŸ»

Minting now at https://t.co/jipn6hjmTp

ğŸ¸ WL - 1 AVAX
ğŸ¸ Public - 1.5 AVAX

#AVAXNFT #AvaxNftRush #Avax #NFT",4,19,6
2022-04-04 08:28:35+00:00,metamorph_nft,"GM and have a beautiful Monday, amazing #AVAXNFT community! 

It appears that the demand for Avax Arts is increasing and we, as Metamorph Art Studio Discord Community, have been using #AVAXART hashtag for a while. ğŸ¨â¤ï¸

#304 is on sale for 2.3 #AVAX ğŸ‘‡
https://t.co/cGJI8mtWgF https://t.co/Zm3qkpC8qY",0,4,0
2022-04-03 22:07:47+00:00,_u_DONT_know_ME,"@SpaceMonkeysNFT Done âœ… ğŸš€ğŸµ 

#NFTGiveaway #NFTGiveaways #Avalanche #AVAX #ZooKeeper $ZOO

#hashtag to get some attention for the #SpaceMonkeys #please 

ğŸ¥³#CelebrateGoodTimesğŸ¥³",1,3,0
2022-04-02 17:20:54+00:00,GuruWP_,Soooooooo earlyyyyyyyyy #AVAX #cryptocurrecy #Cryptos #Ethereum #hashtag #tropdehashtag https://t.co/Q4UerpsOoa,3,11,2
2022-04-02 08:53:34+00:00,skwirrl,"SKWIRRL AM GIVE U MINT LIST

ğŸ’Š 1x Pill WL (50% off) 
ğŸ‘¾ 7x Pixel WL

To WIN:

1. Write me a story in seven words
2. Drop it in the comments with your Discord ID
3. Use Hashtag #SevenWordRag
4. Follow me and @RagnarokMeta
5. Like and RT

#NFTGiveaway #AVAX #Ethereum #AmSkwirrl",635,558,491
2022-04-01 16:00:12+00:00,SnowBurnAVAX,"How to win
âœ“Follow the project
âœ“Comment on this post using the hashtag  #Snowburn #BURN  &amp;
âœ“Tag three persons
P.S Followers must be 200 and above to qualify. 

Winner will be announced on Wednesday AMA. 

#Snowburn #BURN #AVAX #frostbite #cryptonews #cryptocurrency #Snowvest https://t.co/aLFg2BtGK8",21,19,16
2022-03-20 20:32:03+00:00,That1Guy_Crypto,"ğŸ–ğŸ»ğŸŸ¢ğŸ–ğŸ»ğŸŸ¢ @exodus_io Thank you sooo freaking much for adding @TheSandboxGame #SAND ğŸ‘ğŸ» 

Not to be greedy (well kinda), but seeing @avalancheavax #avax would be just as amazing! 

 #ETH #NFT #NFTs #APE #bitcoin #BTC #crypto #cryptocurrency #hashtag lol",0,3,0
2022-03-20 05:00:01+00:00,1CryptoGame,"ğŸ4 x 100.000 NO1 CoinğŸ
We'll be rewarding our winners that tweet their biggest wins at @1CryptoGame with the hashtag #No1GameWins 
- Make sure to post with your username ğŸ”¥
Make sure to tweet it out when you win big, and you might just get a DM ğŸ’°
#Giveaways #AVAX #BTC #BNB https://t.co/vp1DpYEgO4",17,21,6
2022-03-15 11:04:27+00:00,bigwhle,"it's required $200-$300k (from $300m fund) for harmony's $one own hashtag emoji ( like #AVAX and #Solana )

#HarmonyONE ?",5,4,1
2022-03-08 09:09:30+00:00,DastardlyDaniel,"#AVAX hashtag broken again. Just opened a 100x short as price wonâ€™t go up until the upwards facing red dorito is back again.

Sorry but I donâ€™t make the rules ğŸ”»ğŸ”»ğŸ”»",5,45,3
2022-02-27 23:45:55+00:00,Crypto_Chemists,"Bop Punks Minting Live at https://t.co/0ZbpS1YH8V 

Giving away 3 FREE Bop Punks NFTS in 3 hoursğŸ‰

Like, RT and follow.

Drop your AVAX wallet address and must use hashtag #BopPunks 

Tag friends and comment to increase your chances â¤ï¸

No Bots.

#AvaxNFT #AVAX #NFTGiveaway #NFT https://t.co/3nLMiJE5cW",5,5,6
2022-02-23 21:03:21+00:00,TimerrOfficial,"ğŸ”Top 3 most creative visualization or graphic showing Timerr to $1 will win $100 $Timerr each 

âœ…Just tweet and use hashtag #TimerrTo1Dollar 

âœ…Let's run it til Friday at 20:00 UTC before our weekly AMA!

#Timerr #AVAX #BSC #Binance @cz_binance @1goonrich https://t.co/LopSiUwCbV",15,25,8
2022-02-23 01:42:03+00:00,0xFForest,"On Thursday, we will be interviewing @Dyslexsickk. He's an important piece of the puzzle behind projects like @AvaxApesNFT, @RyuNFT, and @WrestlingVerse. He also created the hashtag, #AvaxNftRush. 

#AVAX 
https://t.co/dil032TAOv",2,9,0
2022-02-22 17:42:43+00:00,UndeadCryptoGod,"#degenundead

Created this hashtag so I can quickly check the trades I do for my degen account. ğŸ»

Opened a short scalp for #AVAX :

MS broken, LHs and LLs, entering into supply zone heading to untapped liquidity OB. https://t.co/dq5uDETAVM",2,4,0
2022-02-20 22:25:00+00:00,Crypto_Chemists,"Bop Punks Minting Live at https://t.co/0ZbpS1YH8V 

Free NFT Giveaway! ğŸ‰

Giving away 5 Bop Punks NFTs on Avalanche.

Like, RT and follow.

Drop your AVAX wallet address and must use hashtag #BopPunks 

Winners announced in 8 hrs. No bots.

#AvaxNFT #AVAX #NFTGiveaway #NFT https://t.co/33nFj0kIjP",11,14,18
2022-02-16 01:22:36+00:00,Crypto_Chemists,"Giveaway time! ğŸ‰

Giving away Bop Punks # 50 NFT on AVAX.

Like, RT and follow.

Drop your AVAX wallet address and must use hashtag #BopPunks
 
#AvaxNFT #AVAX #NFTGiveaway #NFT https://t.co/Hp0ExCRFjS",11,14,11
2022-02-10 16:56:31+00:00,cryptamurai,"What does one have to do to get the #eth logo in the hashtag? 

All kind of shit have it wtf 

#tether #btc #tron #bnb #DOGEON &lt;- ??? #avax",1,0,0
2022-02-08 05:22:19+00:00,Snowtama_AVAX,"âš¡ï¸10 AVAX GIVEAWAY!âš¡ï¸

We are giving away 1 AVAX for 10 people. All you have to do is:

- Follow @Snowtama_AVAX on twitter
- Comment on this post (with the hashtag #AVAX #SNOWTAMA #AVALANCHE #SAITAMA #SNOWTAMA #SAITAMAWOLFPACK)
- Retweet this post

Choosing winners in 24 hrs! GL!",141,71,88
2022-02-07 06:56:37+00:00,CryptoverseC,The hint was the #avax hashtag but the slide guy was my first epix he's got a place in my heart!,0,4,0
2022-02-04 07:47:46+00:00,RDecrypto,"Iâ€™m so happy seeing #Terra partnering with #AVAX protocols.

I just feel the need of having and Hashtag with an emoji, like #Avax does.

@stablekwon @TheMoonMidas wen #TerrağŸŒ– iconised hashtag? 

The moon meets the mountain. https://t.co/Utaketabhv",3,38,1
2022-02-03 09:31:05+00:00,cryptostupdate,"ğŸ”¥G I V E A W A Y ğŸ”¥

ğŸš€$30 to 196 FollowersğŸš€

To Participate;
ğŸ’ Follow us âœ…
ğŸ’ Retweet and Tag 5 Friends âœ…
ğŸ’ Comment With Your USDT Wallet Address with Hashtag #Cryptostupdate

#AVAX #Airdrops #CryptocurrencyNews #tezos https://t.co/1PGWbAUnVc",3,3,1
2022-01-31 07:52:09+00:00,redlight,"Redlighters!

We're giving away one of our limited NFT 25% Node Reward Booster which has a floor value of 80 AVAX ($5204 USD) to one lucky person who makes a post hyping up RND and uses the hashtag #RNDPlaymates and tags us! Winner announced in 72hrs.

#Avalanche #AVAX #Playmates",94,362,142
2022-01-27 20:26:21+00:00,pbe_84,"In future I will post music videos or soundcloud links and add #hashtag s  of the artist/mood/topic in combination with #hex and #pulsechain. Depends on the music style. Some songs could be #dulsepoger ğŸ¤·ğŸ»â€â™‚ï¸

Lets go! ğŸ¤

#AVAX #Solana #NFT #Formula1 #mercedes #mix",1,7,1
2022-01-23 16:49:58+00:00,bitcoindinos,Trending #AVAX hashtag is lighting up my day! https://t.co/1dVSPsIILR,0,11,6
2022-01-22 10:29:11+00:00,avaxoshi,"2 $AVAX giveaway (3 winners)

ğŸš€Drop your wallet 0x address below 
ğŸš€add #AVAX hashtag
ğŸš€Retweet this 
ğŸš€Tag 2 frens

sit back &amp; watch me pump #Avalanche",434,339,336
2022-01-19 21:18:14+00:00,fezv1nce,@coingecko #AVAX has its own emoji! And I think we should add this too ğŸš€ to the hashtag.,0,8,3
2022-01-19 12:27:21+00:00,puckisthehero,@coingecko Don't need it. #AVAX hashtag has his own emoji!!,0,0,0
2022-01-05 15:30:33+00:00,puckisthehero,"@cryptoworld202 #AVAX cool tech, community, low fees, bullish and it has a red logo on the hashtag
also $MAXI. rebasing that shit for a whole year is an amazing move lmao https://t.co/QH5eY1DS69",0,0,0
2021-12-30 17:01:48+00:00,TheDustyBC,"Whatâ€™s your favourite #crypto hashtag?

#tezos #bnb #cro #btc #trx #AVAX #Solana",7,9,2
2021-12-18 05:56:10+00:00,JGroCrypto,@DanielH12599468 @NodeBros @combfinancial Thanks. The tweet had #avax as a hashtag so I thought it was avalanche,1,1,0
2021-12-14 16:09:56+00:00,BNB_Print,"Good day, gentlemen! We'd like to announce that we're running a buyback campaign for $BNBp at 30k MCap so that everyone can enjoy the benefits of the $BNB rewards! ğŸš€

We will also have $BNBp giveaways if you tweet this picture with the hashtag #BNBPrintRewarsd #BNBPrint #AVAX https://t.co/ltFza77YE5",8,10,7
2021-12-08 15:02:45+00:00,cryptofacto,yo #AVAX w/ the fly new hashtag to celebrate the bears are wrong day.,0,2,0
2021-12-08 04:41:17+00:00,0xdefininja,"@pangolindex Where is the hashtag with the logo?
#AVAX ğŸ”º",0,1,0
2021-12-07 20:45:40+00:00,pangolindex,"Can devs do something?

They did, the hashtag triangle is back ğŸ”º#AVAX.",18,253,19
2021-12-07 20:00:23+00:00,CollinCusce,I do not know which hashtag I prefer: #AVAX  or #Avalanche ... ğŸ¤”,9,68,3
2021-12-07 05:15:09+00:00,WolfiTokenGB,"Hey bridgers! We really want to make some friends on the ecosystem, so we're making a quick giveaway 250k $WOLFIğŸ

1. Like and Retweet this tweet
2. Follow @GoodBridging and @WolfiTokenGB
3. Reply tagging your favorite #Avalanche project and the #AVAX hashtag

Good luck! ğŸŒ‰ https://t.co/3McT7hPxJw",308,341,267
2021-12-04 18:29:54+00:00,MomentumBullish,Just Zoom Out #Bitcoin #XRP #XLM #ALGO #HBAR #AVAX Not Going To Hashtag The Rest lol ğŸ˜ https://t.co/VgYf3wzkvB,0,1,0
2021-12-02 22:39:35+00:00,_Digdaya,@el33th4xor I think we need to put hashtag #avax #avalanche in every post ser.. ğŸ™ğŸ»,0,1,0
2021-11-30 17:46:22+00:00,Ngocanctcpwm,"@hoangcrypto @Haicrypto95 @HungCrypto ,@sangcrypto3 Avax Ghost NFT GameğŸ”º (@AvaxGhost) Tweeted:
#Airdrop alert!

20 random participants will receive 3 #AVAX.

ğŸ¯Follow us on Twitter and
Retweet our tweet by tag 3 friends and using the hashtag #NFTGiveaway #AvaxGhost #Play2earn",0,0,0
2021-11-23 18:46:59+00:00,AvaxGhost,"#Airdrop alert!

20 random participants will receive 3 #AVAX.

ğŸ¯Follow us on Twitter and
Retweet our tweet by tag 3 friends and using the hashtag #NFTGiveaway #AvaxGhost #Play2earn #Giveaway #Airdrop #nft 
ğŸ¯Join our telegram group and channel 
ğŸ¯Join our Discord channel https://t.co/SSqZNDTuc9",730,1447,2250
2021-11-22 22:00:00+00:00,caldiax,"With #AVAX losing itâ€™s logo next to the hashtag and #XTZ getting one, I believe that #Tezosâ€™s network upgrade is going to be the next L1 competing against #Avalanche since the fees on it is high now. 

Next reputable OHM fork on Tezos will be the one Iâ€™ll be very bullish on.",0,1,0
2021-11-17 15:39:05+00:00,Arsh0x1,"The hashtag #BuyTheDip is trending, but I don't see #AVAX getting any dip ;) https://t.co/nhbvSp4KYj",29,48,1
2021-11-12 18:00:17+00:00,javad152,"@Danversdefi ğŸ° Follow our Twitter page and retweet post with hashtag

#danversdefi #BSC #polygon #FTM #AVAX #Airdrop #defi #BTC #Airdrops #bitcoin #crypto #BNB #shiba #doge
  
ğŸ‘‰ Submit your Twitter's Account (as @username)",0,1,0
2021-11-12 15:02:32+00:00,MdAnisu27473902,@Danversdefi Great Airdrop @Spplatfrom @NajmulH39097098 @AnittaTwitter page and retweet post with hashtag #danversdefi #BSC #polygon #FTM #AVAX #Airdrop #defi #BTC #Airdrops #bitcoin #crypto #BNB #shiba #doge,0,0,0
2021-11-08 16:43:53+00:00,0xCrypTookur,@CederNets Wtf?! How can you lose the special hashtag? Was it only on rent?  #Avalanche #AVAX,0,3,0
2021-11-08 12:23:28+00:00,Ryudexter,@CederNets OMG!!!!! @el33th4xor They took our special #AVAX HASHTAG!!!!,0,0,0
2021-11-08 08:22:05+00:00,CederNets,"Also, did we lose our special hashtag? ğŸ¥º #AVAX #Avalanche",8,35,3
2021-11-03 09:11:36+00:00,Magic90_,"giveaway 75$ | 1,050,000 IDR

-- rt &amp; follow @HappyHammyClub + rt &amp; like their pinned &amp; comment with hashtag #AVAX #Avalanche #NFTs 

-- also tag 2 friends on their ğŸ“Œ

ends in 5 hour's good luck ğŸ’",428,160,474
2021-11-02 13:05:22+00:00,tezukaTez,"JOSEPH chads we gotta put #AVAX hashtag in every tweet â€˜cause we want it to go for 3 digits ASAP 
LFG. ğŸ‘‡ğŸ½ https://t.co/BZOB5svYnT",0,13,3
2021-11-01 00:15:42+00:00,sadmillionaire_,@jack hi jack can you open up the $TRACTOR hashtag for @tractorjoe_xyz revolutionary meme token on #AVAX  thanks boss happy halloween,0,0,0
2021-10-29 14:44:23+00:00,puckisthehero,@TheMoonCarl this is the third time you're posting this bro. Buy some #AVAX and #Solana and leave that #Ethereum crap that doesn't have an emoji on its hashtag behind https://t.co/jEf4SaLstx,0,1,0
2021-10-28 01:14:48+00:00,Magic90_,"giveaway 75$ | 1,050,000 IDR

-- rt &amp; comment something nice with hashtag #AVAX &amp; must tagging @traderjoe_xyz on tweet below ğŸ‘‡

https://t.co/nVrx9aycns

ends in 5 hour's good luck ğŸ’",516,174,622
2021-10-27 13:38:36+00:00,bigwhle,"Hashtag emoji for Harmony like #solana and #avax ?  

It's not free, it's depend harmony's marketing strategy ğŸ’™ :)",7,64,7
2021-10-26 21:48:19+00:00,rob_miller87,"How do @Twitter decide to which projects/coins get their hashtag logo? 

Like #btc #Solana #AVAX  etc?",1,0,0
2021-10-26 12:26:24+00:00,HODLsX,"So which Governance token do we use to vote for brining back the #Hashtag icon for $ZIL?
Now there's a noted lack of 'Z'.

ğŸ‘‰#ZilliqağŸš«ğŸ‘ˆ

#Solana #Bitcoin #Binance  #TRON  #avax  #Avalanche  

Maybe we should get this one?
#ZilliqağŸ†’",1,16,2
2021-10-25 14:33:58+00:00,puckisthehero,"@Ralvero reasons why #Avalanche is best and is the best crypto project of all times:
-High TPS, Low fees
-EVM protocol
-incredible ecosystem
-lovely community
-has its logo on the hashtag #AVAX unlike #ETH dumbs https://t.co/yGb6OBubIJ",0,1,0
2021-10-17 09:00:59+00:00,bigwhle,Yeah I know fundamentals is more important but should harmony needs to have its own custom hashtag emoji like #solana #avax ? For this harmony need to pay twitter for this hashtag emoji. Imo it will draw more engagement from the ct audience / $one ;) ğŸ’™,2,9,0
2021-10-15 08:04:25+00:00,UdhayaK72793821,"@softserve_swap friends with hashtag
#softserveswap #BSC #AVAX #MATIC #KCS #FTM #Polygon #Airdrops #BTC #Arbitrum
  
@Udayadon1 
@Udayaku15718711 
@UdayaKu17932947",0,0,0
2021-10-11 14:10:05+00:00,puckisthehero,"@binance Then you guys are gonna love #Avalanche
Decentralized
Fast 
Low fees
Big ecosystem
has a cute red emoji on its hashtag.
simply #AVAX dawg",0,1,0
2021-10-06 13:30:10+00:00,JESEENOOO,"@HodlBee bro #avax is my main thing bro is red like me. i mean, it has a red emoji on the hashtag and fucking ethereum doesn't. 
that's a really good sign. also look at the project, it really offers a lot in difference of.. you know; that bot project i im not talking about.. https://t.co/IFw32EV456",0,0,0
2021-10-05 01:29:07+00:00,dotsamadegen,"#Bitcoin #BTC 
#Solana 
#ICP 
#AVAX 
 
We need to get @Twitter to add the logo for Polkadot and Kusama next to their hashtag 

#Polkadot #DOT @Polkadot 
#Kusama #KSM @kusamanetwork",0,9,1
2021-10-02 18:28:55+00:00,Count_Cryptula_,"@beincrypto #AVAX I mean, we have a little symbol on the hashtag that's always a good sign",0,6,0
2021-10-02 02:27:47+00:00,samgottez,btw @tezos needs a hashtaG sticker like #avax,1,4,1
2021-09-30 16:21:49+00:00,CoeinSellar,"@ZemusZero1 Lol didn't know #AVAX has its hashtag logo, nice, wen $UNN",0,5,0
2021-09-30 12:09:07+00:00,0xNeonMonsters,"Another giveaway?! ğŸ˜±
Letâ€™s retweet to see #NeonMonsters all over avalanche feed today. Donâ€™t forget to use the hashtag #NeonMonsters #Avax #Nft #avalanche #avalancherush https://t.co/jS3nch1GCt",1,14,4
2021-09-29 20:40:00+00:00,CryptoKon2,"@avalancheavax @CoinbasePro i find it kind of funny that most of your #AVAX are being spent on twitter advertisement and getting a logo next to the hashtag, which costs around a million per yearğŸ˜‚ you can either enjoy having your money wasted or join @0xPolygon who surpassed ETHâ€™s DAU 2 days ago ğŸ¤·â€â™‚ï¸",4,18,1
2021-09-27 20:06:01+00:00,crypto____mike,"@OKEx I see #Avalanche community is one of the most actives ATM with news and updates to every social media and new people believing in the project, if you look at the #AVAX or $AVAX hashtag you'll see a bunch of tweets with memes, giveaways and new projects coming to the platform. https://t.co/My4HCmts7v",0,1,0
2021-09-21 16:27:04+00:00,linkchainlink,"#AVAX clearly is not a scam but Emin knows pumpamentals and not afraid to spend money on marketing (see hashtag too) 

Adelyn, flip the switch on the marketing dept. It's time https://t.co/5k9j4kquUZ",4,54,4
2021-09-10 00:03:30+00:00,VisionPulsed,"There is an #AVAX hashtag lol, that shit is gonna moon so hard",2,3,0
2021-09-03 01:05:23+00:00,0xHiero,"Hey @harryyeh when is $FTM going to get a Twitter icon next to our Hashtag like #AVAX 
I know you're the guy to get it done",3,51,4
2021-08-23 03:14:43+00:00,bit_mani,"This crazy run all started with #Avalanche this hashtag flag ğŸ¤£, don't look for another catalyst. #Hodle #Avax $Avax",0,17,1
2021-08-22 03:51:41+00:00,ApparitionJohn,"@avalancheavax Sure, why not. I'd prefer one of those fancy $AVAX hashtag logos, though. 

#Avax #Avalanche",1,1,0
2021-08-18 19:42:41+00:00,WalterRothbard,"@sendwyre @Okcoin By the way, check out what happens when you use the hashtag:

#AVAX #Avalanche",0,0,0
2021-08-16 19:49:26+00:00,TiagoTech1,"@Crypt0mummy Congrats to #AVAX Avangers, getting a cool hashtag this year, also from $9 to $20, easy profit, great projects, and astonishing speed of development.",1,16,0
2021-08-15 10:27:20+00:00,bit_mani,"ğŸ’¥Apricot #3 release w/Dynamic Fees on 24/8, 66% fee reduction,
ğŸ’¥New Bridge in production,
ğŸ’¥Topps NFT released Bundesliga 20/21 Collection,
ğŸ’¥Cute Twitter hashtag flag for #Avalanche #Avax,
ğŸ’¥Upcoming Dapps; https://t.co/81bkYnnDva, https://t.co/hfA6epxkEj, Aave
#BUIDL #Hodle",0,6,2
2021-08-11 23:14:31+00:00,surfingcryptos1,"@TheMoonCarl #AVAX now with his own hashtag, do you think this is bullish or simply a fancy move?",0,19,0
2021-08-11 22:30:16+00:00,Arsh0x1,"New Twitter font makes me feel fancy

but not fancier than the #AVAX hashtag",1,14,2
2021-08-10 22:42:32+00:00,SaariRay,"#Avalanche got a new logo attached to its hashtag,and even #AVAX got the same! Thts looking so cute!Plz share the word and trend these renewed hashtags! @darkseid89931 @runeandreassen @ss989989",0,3,1
2021-08-10 21:45:30+00:00,Real_NFT_Master,"@WeekInAvalanche @TodayAvalanche Thank you so much for the amazing opportunity. #AVAX #Avalanche hashtag logo is just amazing. Thank you for spreading the good news. ğŸ˜Š

âœ… Followed @WeekInAvalanche &amp; @TodayAvalanche ğŸ””âœ”ï¸
âœ… Liked &amp; Retweeted
âœ… Tagging my Friends @anneeleyy_29 @TrungDanLoi1 @BorgiaCyborgs https://t.co/D9cuuenZZw",0,0,0
2021-08-10 02:11:59+00:00,GamesNCrypto,"@penguin_defi @avalancheavax Yeah the #Avalanche hashtag logo is pretty cool. ğŸ˜ Congratulations to the @avalancheavax team for their amazing job. ğŸ¥³

I love to see the #PEFI hashtag logo too. I'm sure it would be pretty cool like #AVAX. Hopefully soon! ğŸ˜

Retweeted ğŸ”ƒ

I â¤ï¸ #AVAX #PEFI ğŸ§",1,1,0
2021-08-09 23:45:39+00:00,Pbtc2020,"Wow! #Avalanche hashtag now has logo on it. Welcome to #AVAX ecosystem.
@AapkaDictionary @kuldeep0882 @KAMBOH780 @Buscadineronet",0,0,1
2021-08-09 23:26:41+00:00,BigMcDarby,@UpOnlyOrDie @el33th4xor @brian_armstrong @brian_armstrong #AVAX awaits now with exclusive hashtag,0,16,1
2021-08-09 22:56:19+00:00,Rickcoin1,"@Poloniex #AVAX made history from its inception by offering faster delivery of contracts than $ETH, and now twitter has considered giving it its hashtag icon. Why shouldn't you consider listing it?",0,15,2
2021-08-09 21:59:41+00:00,surfingcryptos1,"@AltcoinDailyio I was concerned about #AVAX sentiment on #DeFi since his launch, and now look at him, even a great hashtag!",0,15,1
2021-08-09 21:16:51+00:00,OBbm13,"@Poloniex I see the #BTC emoji, so cute, #ETH doesn't have one that's sad, but you know which hashtag has it's own new emoji? Yes, baby #AVAX look at it, so beautiful, this is the sign you were looking for to list it, Polly. Trust me, an emoji is the most bullish thing you'll ever see",0,12,1
2021-08-09 20:38:34+00:00,deddelion,If you aren't bullish on #AVAX now that it has its own hashtag logo you probably ngmi,2,46,3
2021-08-09 19:21:21+00:00,Arsh0x1,Man I just can't stop tweeting with the hashtag #AVAX just LOOK AT THAT LOGO IT'S SO INCREDIBLY CUTE,3,40,5
2021-08-09 18:40:02+00:00,Arsh0x1,"Happy monday everyone! Woke up to the awesome new of having the #Avalanche #AVAX logo in our hashtag ğŸ’•

Make sure to participate on this! https://t.co/o3fdHMpJzQ",0,10,4
2021-08-09 18:23:37+00:00,TheCoolRas,By the way: Iâ€™m loving the new #AVAX / #Avalanche hashtag,1,1,1
2021-08-09 18:15:04+00:00,Beastlyorion,"AHHHHH now I know why everyone was tweeting about #Avalanche 
Everyon'e hyped about the logo in the hashtag #AVAX",3,53,2
2021-08-09 17:55:34+00:00,BerkoSins,"@BallsOfSats 

Finally we have an own #Hashtag icon ğŸš€

#Avalanche #AVAX #Bitcoin #btc",0,1,0
2021-08-09 17:50:06+00:00,BerkoSins,"@BallsOfSats 

Time for an own Hashtag icon ğŸ¤ªğŸ˜‰ğŸ˜‰

#avax #avalanche #moon #Bitcoin #btc",0,1,1
2021-08-09 15:36:14+00:00,OBbm13,"Woke up to #AVAX having the logo on the hashtag, this is so simple yet made me so happy ğŸ’–",1,28,2
2021-08-09 14:06:29+00:00,cryptofolk01,That moment when u wake up and realize that #AVAX hashtag now has the icon! Do ur coins have their icons too? #cryptocurrency #CryptoNews https://t.co/9bUJSA6V7J,3,16,2
2021-08-09 13:08:35+00:00,linkchainlink,"#Avax got its own hashtag maybe it is a scam after all 

Buying",1,12,1
2021-08-09 12:05:50+00:00,vbnwout,@hexadragon @YetiSwap @avalancheavax it is the brand new #Avalanche  #AVAX logo for twitter hashtag,0,4,0
2021-08-09 11:36:16+00:00,uzhii_MF,"Nice info ğŸ‘‡

Now if you tweet with this hashtag, you will see something unique 

What hashtag? here are, #AVAX and #Avalanche :)

Want more information about Avalanche, details hereğŸ‘‡
$AVAX @Goenawan35 @DiniTribroto @marnoriantiarno 
https://t.co/NEniY3dOML",0,12,2
2021-08-09 11:10:06+00:00,yasibeyli,"#Avalanche
#AVAX
Hashtag with a logo... Smiling face with smiling eyes
@avalancheavax 

@Turkbusdriver @CaptainAstro7 @monsterbutsweet",0,5,1
2021-08-09 11:09:54+00:00,piszozo,"Let's conquer the world #AVAX 
Loved the logo in our hashtag! https://t.co/16XGZfv0cG",3,0,0
2021-07-26 01:05:38+00:00,miltonefe88,"You can search for the hashtag #Avalanche and #AVAX to know the content that the community wants to share with you about the @avalancheavax platform.

It will be very beneficial. ğŸ¤“ğŸ“°",0,9,3
2021-07-01 21:04:59+00:00,Arsh0x1,"How to make it in year:

1. Like $AVAX on Coingecko
2. Like $AVAX on CoinMarketCap
3. Use the hashtag #AVAX on Twitter
4. Search ""AVAX"" in YouTube
5. Buy an $AVAX bag
6. Stake it for a year for extra profit

Congratulations, you're financially free ğŸ˜ https://t.co/HMedCLGC8U",6,55,11
2021-06-01 13:17:35+00:00,risciyana,"#Canopus #OPUS #AVAX #CRYPTO #CRYPTOTRADE

I'm so interesting the project which hashtag I tagged this the new project on AVAX network",0,0,0
2021-05-15 06:43:44+00:00,Haris87067845,"Nice project ğŸ‘
 @technicaltariq1 @Tarique09667145 @taraxa_project 
  #AVAX #BSC #DOT #EGLD #ETH #SOL #SFUND #hashtag",0,0,0
2021-05-05 21:47:29+00:00,anonygirl984,Hashtag to use : #SpreadTheSpore #SPOREFINANCE #sporetothemon #Avalanche #avax #youhavebeenspored,0,0,0
2021-04-04 16:11:49+00:00,insert_death,"Ok, time for an $AVAX #NFT giveaway!!! This piece was a practice in Blender, but I end up loving it so I decided to mint it. 

Only 5 will be given away, here's what you need to do: 

-Follow me 
-Like &amp; RT 
-Drop your wallet X-address with #AVAX Hashtag 

Good luck! https://t.co/15D1CpWb0k",58,85,54
2021-04-01 05:58:53+00:00,avaxoshi,"#AVAX hashtag is gaining ground !

Well done to all supporters https://t.co/5tnUeX3ZlP https://t.co/xCcJPgBkZF",0,15,1
2021-03-27 14:35:04+00:00,dewimaragung,"@AvalancheHub When #AVAX have icon like #BTC on hashtag twitter?
@el33th4xor @avalancheavax",0,0,0
2021-03-21 00:36:39+00:00,avaxoshi,"DONT FORGET YOUR #AVAX HASHTAG SIRS 

1. Retweet
2. Wallet Address + #AVAX hastag in the single comment

Or you will miss out on the OSHI's",15,15,10
2021-03-21 00:07:58+00:00,avaxoshi,"Next week I am releasing my FIRST software for the community

To stress test the system I will need to give out up to 1000 #OSHI per user (max 100,000 tokens)

$OSHI is a non divisible token btw.

ğŸ‹Retweet &amp; Drop your #AVAX hashtag + address below (50 #OSHI each &lt; 100 Retweets) https://t.co/KP0GF2sSTo",202,154,158
2021-03-19 04:28:06+00:00,GorgeousGeorg14,"#2 in the Planet Avaxis #NFT series. ""Pangalore Grove"". Minting 10. Chance for you to win 1 of 7. Have used a random # generator for 7 numbers. 

1)Like, Retweet, &amp; Follow
2)Tag 2 NFT friends
3)Hashtag #PangGang
4)Choose a number between 1 and 300. 

#AVAX $PNG #NFTs https://t.co/t21YEcKFtF",46,48,37
2021-03-18 18:25:19+00:00,avaxoshi,@mr_preye I'll send you 100 if you blast your wallet address with the #AVAX hashtag &amp; anyone else over the next 10 minutes !,1,1,0
2021-03-14 22:35:46+00:00,dilaanys,"Excited about the #Avalanche #NFT studio and that's why I have minted my 2nd piece!

In this case, I have created a series about PopART girls. Let me know what you think about it, RT and follow me!

Comment your X wallet address with the #AVAX hashtag too &gt;&lt;

$AVAX https://t.co/aIYpBKekWA",111,104,67
2021-03-14 18:42:25+00:00,insert_death,"Who is that #Pokemon!? 

A few days ago I replayed one of my favorite games from childhood. Felt nostalgic so I made this special $AVAX #NFT Giveaway!

How to participate: 

- Follow me 
- Like and RT this tweet
- Comment your Avax wallet address using #AVAX hashtag https://t.co/8Qvc4n48y5",82,89,67
2021-03-10 01:09:47+00:00,avaxoshi,@muhammetaslan__ sir where is your hashtag ğŸ‘‰ #avax,0,0,0
2021-03-09 10:35:53+00:00,avaxoshi,"I call this unique NFT #ProfessorPixel

The first pixelated NFT of our favorite professor

There will be 42 minted (one for the professor if he chooses &amp; one for me)

ğŸ¸The rest will be given to those who I choose that:

-retweet this 
-add wallet address 
-add #AVAX hashtag https://t.co/ViAA8O28qU",140,212,107
2021-03-09 02:07:19+00:00,avaxoshi,@singhh_thakur wtf is your #AVAX hashtag ???,1,1,0
2021-03-09 02:06:05+00:00,avaxoshi,"I'm designing a special NFT

 1 of 2 will be given to a responder &amp; I will keep the other.

- add #AVAX hashtag
- add your wallet address 
- retweet this

#AVAX hashtag campaign begins today !",31,41,20
2021-03-09 02:01:32+00:00,avaxoshi,"people buying food coins, fruit coins, cute coins even puke coins. I see this leading to disaster.

Just buy something that has merit

And pump this hashtag ğŸ‘‰#AVAX",0,15,1
2021-03-09 01:49:01+00:00,avaxoshi,"The trend is your fren

You all should be tweeting your frog hinds off like me.

#AVAX Hashtag is more prominent than $AVAX Cashtag so let's make some noise &amp; pump the Internet of Finance to the MOONğŸš€

Sure i can do it alone but is more fun together ! https://t.co/7vrIwUNVLA",1,8,0
2021-03-06 02:47:41+00:00,avaxoshi,"This will be the Island I buy after $AVAX reaches $1000

Let me know if this is where you would like to reside forever.

Add #AVAX hashtag below to conform your residency

https://t.co/vwUqGDPqLW",8,26,0
2021-03-05 13:48:13+00:00,insert_death,"So happy to announce my first #Avalanche #NFT giveaway!
To participate you need to:

-Follow me
-Like &amp; RT this tweet
-Leave your wallet x-address below and use #AVAX hashtag

Only 10 winners will get one of my most beloved illustrations ""Ava Factory"" https://t.co/wpQd5n2rLt",80,112,75
2021-02-14 01:15:32+00:00,avaxoshi,"For the love of #AVAX !

5 out of 6 NFT's â¤ï¸ will be given out next week.

- Add your $AVAX wallet address
- Add the worlds best hashtag #AVAX https://t.co/B2dE0L79pS",125,131,47
2021-02-13 15:31:11+00:00,avaxoshi,"Drop your $AVAX wallet address below I just might send a few around for fun!

Add this hashtag too #AVAX",429,305,72
2021-02-05 22:34:02+00:00,avaxoshi,"$AVAX at $18 deserves an NFT because today our investments were fully paid for with the interest earned on it. 

Fully paid investment in 137 day.

12 NFT's will be given to chosen participants who:

1. Retweet
2. Post address
4. Add hashtag #Avax https://t.co/AV52tgSqhU",67,97,65
2021-01-11 20:19:01+00:00,AVAXBot9000,"WIN 1 $AVAX! ğŸ’¸ğŸ’¸ğŸ’°

#AVAX has been pumping like crazy, and i want to celebrate it w/ my followers! ğŸš€

To participate, you must:
1- Follow me. âœŒ
2- Like and RT (no quotes) this tweet. ğŸ”ƒ
3- Reply w/ your adress (extra points if you use #AVAX hashtag). ğŸ‘€

Good luck to all. ğŸ’•ğŸ™ https://t.co/tPUrgYdrTD",102,109,93
2021-01-08 22:14:38+00:00,Arsh0x1,"WIN 2 $AVAX! ğŸš€ğŸŒ•

If you want to win 2 AVAX (~10$ today, ~200$ someday soon), follow the steps below:

â€“ Follow Me ğŸ‘¥
â€“ Like and RT this tweet ğŸ”„â™¥ï¸
â€“ Reply with your AVAX wallet and the #AVAX hashtag (don't forget the hashtag! ğŸ‘€)

Winner will be announced in 24 hours. Run! ğŸ‰ https://t.co/QiwR3kMp9V",108,116,82
2020-11-30 23:14:30+00:00,AlphasOfAvax,"@muhammetselimfe @el33th4xor Exactly. Try using the #AVA Hashtag, there are a lot of projects using it and its flooded. #AVAX &gt; #AVA",0,0,1
2020-09-23 16:35:10+00:00,fasterluck,@MoonAvax All you have to do is search with the hashtag #Avalanche #AVAX is simple,0,0,0
2020-08-15 01:08:58+00:00,Dgeergania,"Follow the hashtag #Avalanche

Join the ride, set you on fireğŸ”¥

#AVAX https://t.co/C2SJqjho5f",0,12,5
2020-06-30 12:18:09+00:00,avax_coin,"Opening up a campaign to get to submit your entry for the Avalanche twitter name flair and hashtag. Winning entries will get some cool NFTs and other glories ğŸ˜„ https://t.co/JNKwTimGVm

#AVAX @kevinsekniqi @el33th4xor #âˆ€",0,9,5
